health_zone,date,value,days_since_first_case
Mongbwalu,2026-05-14,0,0
Mongbwalu,2026-05-15,0,0
Rwampara,2026-05-15,13,0
Bunia,2026-05-15,0,0
Mongbwalu,2026-05-18,1,0
Rwampara,2026-05-18,19,3
Bunia,2026-05-18,6,0
Nyankunde,2026-05-18,4,0
Goma,2026-05-18,1,0
Katwa,2026-05-18,1,0
Butembo,2026-05-18,1,0
Mongbwalu,2026-05-19,13,1
Rwampara,2026-05-19,25,4
Bunia,2026-05-19,6,1
Nyankunde,2026-05-19,4,1
Goma,2026-05-19,1,1
Katwa,2026-05-19,1,1
Butembo,2026-05-19,1,1
Mongbwalu,2026-05-20,13,2
Rwampara,2026-05-20,24,5
Bunia,2026-05-20,11,2
Nyankunde,2026-05-20,5,2
Goma,2026-05-20,1,2
Katwa,2026-05-20,1,2
Butembo,2026-05-20,1,2
Bambu,2026-05-20,1,0
Mongbwalu,2026-05-21,14,3
Rwampara,2026-05-21,31,6
Bunia,2026-05-21,15,3
Nyankunde,2026-05-21,11,3
Goma,2026-05-21,1,3
Katwa,2026-05-21,1,3
Butembo,2026-05-21,2,3
Bambu,2026-05-21,1,1
Nizi,2026-05-21,1,0
Kilo,2026-05-21,1,0
Miti Murhesa,2026-05-21,1,0
Mongbwalu,2026-05-22,10,4
Rwampara,2026-05-22,32,7
Bunia,2026-05-22,23,4
Nyankunde,2026-05-22,9,4
Goma,2026-05-22,1,4
Katwa,2026-05-22,0,4
Butembo,2026-05-22,2,4
Bambu,2026-05-22,1,2
Nizi,2026-05-22,2,1
Kilo,2026-05-22,1,1
Miti Murhesa,2026-05-22,1,1
Aru,2026-05-22,1,0
Mongbwalu,2026-05-23,19,5
Rwampara,2026-05-23,32,8
Bunia,2026-05-23,24,5
Nyankunde,2026-05-23,9,5
Goma,2026-05-23,1,5
Katwa,2026-05-23,4,5
Butembo,2026-05-23,1,5
Bambu,2026-05-23,0,3
Nizi,2026-05-23,2,2
Kilo,2026-05-23,1,2
Miti Murhesa,2026-05-23,1,2
Aru,2026-05-23,1,1
Mongbwalu,2026-05-24,19,6
Rwampara,2026-05-24,32,9
Bunia,2026-05-24,24,6
Nyankunde,2026-05-24,9,6
Goma,2026-05-24,1,6
Katwa,2026-05-24,4,6
Butembo,2026-05-24,3,6
Bambu,2026-05-24,2,4
Nizi,2026-05-24,2,3
Kilo,2026-05-24,1,3
Miti Murhesa,2026-05-24,1,3
Aru,2026-05-24,1,2
Oicha,2026-05-24,1,0
Kalunguta,2026-05-24,1,0
Mongbwalu,2026-05-25,19,7
Rwampara,2026-05-25,32,10
Bunia,2026-05-25,24,7
Nyankunde,2026-05-25,9,7
Goma,2026-05-25,1,7
Butembo,2026-05-25,3,7
Bambu,2026-05-25,0,5
Nizi,2026-05-25,2,4
Kilo,2026-05-25,1,4
Miti Murhesa,2026-05-25,1,4
Aru,2026-05-25,1,3
Oicha,2026-05-25,1,1
Kalunguta,2026-05-25,1,1
Kyondo,2026-05-25,1,0
Mongbwalu,2026-05-26,20,8
Rwampara,2026-05-26,33,11
Bunia,2026-05-26,36,8
Nyankunde,2026-05-26,10,8
Goma,2026-05-26,1,8
Katwa,2026-05-25,4,7
Butembo,2026-05-26,3,8
Bambu,2026-05-26,0,6
Nizi,2026-05-26,2,5
Kilo,2026-05-26,1,5
Miti Murhesa,2026-05-26,1,5
Aru,2026-05-26,1,4
Oicha,2026-05-26,1,2
Kalunguta,2026-05-26,1,2
Karisimbi,2026-05-26,0,0
Damas,2026-05-26,0,0
Fataki,2026-05-26,0,0
Mambasa,2026-05-26,0,0
Rimba,2026-05-26,0,0
Kyondo,2026-05-26,1,1
Mongbwalu,2026-05-27,20,9
Rwampara,2026-05-27,33,12
Bunia,2026-05-27,37,9
Nyankunde,2026-05-27,10,9
Goma,2026-05-27,1,9
Katwa,2026-05-27,4,9
Butembo,2026-05-27,5,9
Bambu,2026-05-27,0,7
Nizi,2026-05-27,2,6
Kilo,2026-05-27,1,6
Miti Murhesa,2026-05-27,1,6
Aru,2026-05-27,1,5
Oicha,2026-05-27,2,3
Kalunguta,2026-05-27,2,3
Karisimbi,2026-05-27,0,0
Damas,2026-05-27,0,0
Fataki,2026-05-27,0,0
Mambasa,2026-05-27,0,0
Rimba,2026-05-27,0,0
Kyondo,2026-05-27,0,2
Aru,2026-05-28,2,6
Bambu,2026-05-28,2,8
Bunia,2026-05-28,80,10
Kilo,2026-05-28,2,7
Mongbwalu,2026-05-28,47,10
Nizi,2026-05-28,2,7
Nyankunde,2026-05-28,19,10
Rwampara,2026-05-28,65,13
Mangala,2026-05-28,1,0
Damas,2026-05-28,1,0
Aungba,2026-05-28,1,0
Gety,2026-05-28,1,0
Komanda,2026-05-28,1,0
Jiba,2026-05-28,0,0
Lita,2026-05-28,1,0
Butembo,2026-05-28,5,10
Goma,2026-05-28,1,10
Katwa,2026-05-28,4,10
Karisimbi,2026-05-28,0,0
Kyondo,2026-05-28,1,3
Oicha,2026-05-28,1,4
Kalunguta,2026-05-28,1,4
Beni,2026-05-28,2,0
Miti Murhesa,2026-05-28,3,7
Aru,2026-05-29,2,7
Bambu,2026-05-29,2,9
Bunia,2026-05-29,80,11
Kilo,2026-05-29,2,8
Mongbwalu,2026-05-29,47,11
Nizi,2026-05-29,2,8
Nyankunde,2026-05-29,19,11
Rwampara,2026-05-29,65,14
Mangala,2026-05-29,1,1
Damas,2026-05-29,1,1
Aungba,2026-05-29,1,1
Gety,2026-05-29,1,1
Komanda,2026-05-29,1,1
Jiba,2026-05-29,0,0
Lita,2026-05-29,1,1
Butembo,2026-05-29,5,11
Goma,2026-05-29,1,11
Katwa,2026-05-29,4,11
Karisimbi,2026-05-29,0,0
Kyondo,2026-05-29,1,4
Oicha,2026-05-29,1,5
Kalunguta,2026-05-29,1,5
Manguredjipa,2026-05-29,0,0
Beni,2026-05-29,2,1
Miti Murhesa,2026-05-29,3,8
Aru,2026-05-30,2,8
Bambu,2026-05-30,2,10
Bunia,2026-05-30,80,12
Kilo,2026-05-30,2,9
Mongbwalu,2026-05-30,47,12
Nizi,2026-05-30,2,9
Nyankunde,2026-05-30,19,12
Rwampara,2026-05-30,65,15
Mangala,2026-05-30,1,2
Damas,2026-05-30,1,2
Aungba,2026-05-30,1,2
Gety,2026-05-30,1,2
Komanda,2026-05-30,1,2
Jiba,2026-05-30,0,0
Lita,2026-05-30,1,2
Butembo,2026-05-30,5,12
Goma,2026-05-30,1,12
Katwa,2026-05-30,4,12
Karisimbi,2026-05-30,0,0
Kyondo,2026-05-30,1,5
Oicha,2026-05-30,1,6
Kalunguta,2026-05-30,1,6
Manguredjipa,2026-05-30,0,0
Beni,2026-05-30,2,2
Miti Murhesa,2026-05-30,3,9
Aru,2026-06-01,2,10
Bambu,2026-06-01,2,12
Bunia,2026-06-01,80,14
Kilo,2026-06-01,2,11
Mongbwalu,2026-06-01,47,14
Nizi,2026-06-01,2,11
Nyankunde,2026-06-01,19,14
Rwampara,2026-06-01,65,17
Mangala,2026-06-01,1,4
Damas,2026-06-01,1,4
Aungba,2026-06-01,1,4
Gety,2026-06-01,1,4
Komanda,2026-06-01,1,4
Jiba,2026-06-01,0,0
Lita,2026-06-01,1,4
Logo,2026-06-01,1,0
Mambasa,2026-06-01,2,0
,2026-06-01,94,0
Butembo,2026-06-01,2,14
Goma,2026-06-01,1,14
Katwa,2026-06-01,7,14
Karisimbi,2026-06-01,0,0
Kyondo,2026-06-01,1,7
Oicha,2026-06-01,2,8
Kalunguta,2026-06-01,1,8
Manguredjipa,2026-06-01,0,0
Beni,2026-06-01,5,4
Miti Murhesa,2026-06-01,3,11
Bunia,2026-06-02,85,15
Rwampara,2026-06-02,72,18
Mongbwalu,2026-06-02,47,15
Nyankunde,2026-06-02,22,15
Rimba,2026-06-02,3,0
Miti Murhesa,2026-06-02,3,12
Bambu,2026-06-02,2,13
Aru,2026-06-02,2,11
Kilo,2026-06-02,2,12
Nizi,2026-06-02,2,12
Damas,2026-06-02,2,5
Mambasa,2026-06-02,2,1
Katwa,2026-06-02,7,15
Beni,2026-06-02,5,5
Butembo,2026-06-02,2,15
Oicha,2026-06-02,2,9
Kalunguta,2026-06-02,1,9
Kyondo,2026-06-02,1,8
Goma,2026-06-02,1,15
Mangala,2026-06-02,1,5
Aungba,2026-06-02,1,5
Gety,2026-06-02,1,5
Komanda,2026-06-02,1,5
Lita,2026-06-02,1,5
Logo,2026-06-02,1,1
,2026-06-02,94,0
Aru,2026-06-03,2,12
Bambu,2026-06-03,2,14
Bunia,2026-06-03,97,16
Kilo,2026-06-03,2,13
Mongbwalu,2026-06-03,47,16
Nizi,2026-06-03,2,13
Nyankunde,2026-06-03,22,16
Rwampara,2026-06-03,76,19
Mangala,2026-06-03,1,6
Damas,2026-06-03,3,6
Aungba,2026-06-03,1,6
Gety,2026-06-03,1,6
Komanda,2026-06-03,1,6
Jiba,2026-06-03,0,0
Lita,2026-06-03,2,6
Butembo,2026-06-03,2,16
Goma,2026-06-03,1,16
Katwa,2026-06-03,7,16
Karisimbi,2026-06-03,0,0
Kyondo,2026-06-03,1,9
Oicha,2026-06-03,2,10
Kalunguta,2026-06-03,1,10
Manguredjipa,2026-06-03,0,0
Beni,2026-06-03,5,6
Miti Murhesa,2026-06-03,3,13
,2026-06-03,97,0
Bunia,2026-06-04,123,17
Rwampara,2026-06-04,86,20
Mongbwalu,2026-06-04,64,17
Nyankunde,2026-06-04,22,17
Bambu,2026-06-04,5,15
Aru,2026-06-04,3,13
Kilo,2026-06-04,3,14
Nizi,2026-06-04,5,14
Mangala,2026-06-04,1,7
Damas,2026-06-04,3,7
Aungba,2026-06-04,1,7
Gety,2026-06-04,1,7
Komanda,2026-06-04,3,7
Lita,2026-06-04,3,7
Logo,2026-06-04,2,3
Mambasa,2026-06-04,2,3
Rimba,2026-06-04,3,2
Katwa,2026-06-04,11,17
Beni,2026-06-04,5,7
Butembo,2026-06-04,4,17
Oicha,2026-06-04,2,11
Kalunguta,2026-06-04,1,11
Kyondo,2026-06-04,1,10
Goma,2026-06-04,1,17
Miti Murhesa,2026-06-04,1,14
,2026-06-04,94,0
Bunia,2026-06-05,138,18
Rwampara,2026-06-05,93,21
Mongbwalu,2026-06-05,74,18
Nyankunde,2026-06-05,24,18
Bambu,2026-06-05,5,16
Aru,2026-06-05,3,14
Kilo,2026-06-05,4,15
Nizi,2026-06-05,5,15
Mangala,2026-06-05,1,8
Damas,2026-06-05,3,8
Aungba,2026-06-05,1,8
Gety,2026-06-05,1,8
Komanda,2026-06-05,3,8
Lita,2026-06-05,4,8
Logo,2026-06-05,2,4
Mambasa,2026-06-05,2,4
Rimba,2026-06-05,3,3
Katwa,2026-06-05,11,18
Beni,2026-06-05,5,8
Butembo,2026-06-05,4,18
Oicha,2026-06-05,2,12
Kalunguta,2026-06-05,1,12
Kyondo,2026-06-05,1,11
Goma,2026-06-05,1,18
Miti Murhesa,2026-06-05,3,15
,2026-06-05,94,0
Bunia,2026-06-06,142,19
Rwampara,2026-06-06,98,22
Mongbwalu,2026-06-06,92,19
Nyankunde,2026-06-06,24,19
Bambu,2026-06-06,5,17
Aru,2026-06-06,3,15
Kilo,2026-06-06,4,16
Nizi,2026-06-06,5,16
Mangala,2026-06-06,1,9
Damas,2026-06-06,3,9
Aungba,2026-06-06,1,9
Gety,2026-06-06,1,9
Komanda,2026-06-06,3,9
Lita,2026-06-06,4,9
Logo,2026-06-06,2,5
Mambasa,2026-06-06,2,5
Rimba,2026-06-06,3,4
Katwa,2026-06-06,11,19
Beni,2026-06-06,5,9
Butembo,2026-06-06,4,19
Oicha,2026-06-06,2,13
Kalunguta,2026-06-06,1,13
Kyondo,2026-06-06,1,12
Goma,2026-06-06,1,19
Miti Murhesa,2026-06-06,3,16
,2026-06-06,94,0
Bunia,2026-06-07,152,20
Rwampara,2026-06-07,111,23
Mongbwalu,2026-06-07,98,20
Nyankunde,2026-06-07,26,20
Bambu,2026-06-07,5,18
Aru,2026-06-07,3,16
Kilo,2026-06-07,4,17
Nizi,2026-06-07,5,17
Mangala,2026-06-07,1,10
Damas,2026-06-07,3,10
Aungba,2026-06-07,1,10
Gety,2026-06-07,1,10
Komanda,2026-06-07,3,10
Lita,2026-06-07,4,10
Logo,2026-06-07,2,6
Mambasa,2026-06-07,2,6
Rimba,2026-06-07,3,5
Katwa,2026-06-07,11,20
Beni,2026-06-07,9,10
Butembo,2026-06-07,4,20
Oicha,2026-06-07,2,14
Kalunguta,2026-06-07,1,14
Kyondo,2026-06-07,1,13
Goma,2026-06-07,1,20
Miti Murhesa,2026-06-07,3,17
,2026-06-07,94,0
Bunia,2026-06-08,163,21
Rwampara,2026-06-08,122,24
Mongbwalu,2026-06-08,114,21
Nyankunde,2026-06-08,32,21
Bambu,2026-06-08,5,19
Aru,2026-06-08,3,17
Kilo,2026-06-08,4,18
Nizi,2026-06-08,5,18
Mangala,2026-06-08,1,11
Damas,2026-06-08,3,11
Aungba,2026-06-08,2,11
Gety,2026-06-08,1,11
Komanda,2026-06-08,3,11
Lita,2026-06-08,4,11
Logo,2026-06-08,2,7
Mambasa,2026-06-08,2,7
Rimba,2026-06-08,3,6
Katwa,2026-06-08,12,21
Beni,2026-06-08,9,11
Butembo,2026-06-08,6,21
Oicha,2026-06-08,2,15
Kalunguta,2026-06-08,1,15
Kyondo,2026-06-08,1,14
Goma,2026-06-08,1,21
Miti Murhesa,2026-06-08,1,18
,2026-06-08,94,0
Bunia,2026-06-09,173,22
Rwampara,2026-06-09,133,25
Mongbwalu,2026-06-09,127,22
Nyankunde,2026-06-09,32,22
Bambu,2026-06-09,5,20
Aru,2026-06-09,3,18
Kilo,2026-06-09,4,19
Nizi,2026-06-09,5,19
Mangala,2026-06-09,1,12
Damas,2026-06-09,3,12
Aungba,2026-06-09,2,12
Gety,2026-06-09,1,12
Komanda,2026-06-09,3,12
Lita,2026-06-09,5,12
Logo,2026-06-09,2,8
Mambasa,2026-06-09,2,8
Rimba,2026-06-09,3,7
Tchomia,2026-06-09,2,0
Katwa,2026-06-09,12,22
Beni,2026-06-09,9,12
Butembo,2026-06-09,6,22
Oicha,2026-06-09,2,16
Kalunguta,2026-06-09,1,16
Kyondo,2026-06-09,1,15
Goma,2026-06-09,1,22
Miti Murhesa,2026-06-09,3,19
,2026-06-09,94,0
Bunia,2026-06-10,185,23
Rwampara,2026-06-10,137,26
Mongbwalu,2026-06-10,132,23
Nyankunde,2026-06-10,33,23
Bambu,2026-06-10,7,21
Aru,2026-06-10,3,19
Kilo,2026-06-10,4,20
Nizi,2026-06-10,7,20
Mangala,2026-06-10,2,13
Damas,2026-06-10,3,13
Aungba,2026-06-10,2,13
Gety,2026-06-10,1,13
Komanda,2026-06-10,3,13
Lita,2026-06-10,6,13
Logo,2026-06-10,2,9
Mambasa,2026-06-10,2,9
Rimba,2026-06-10,3,8
Tchomia,2026-06-10,2,1
Kambala,2026-06-10,1,0
Katwa,2026-06-10,18,23
Beni,2026-06-10,9,13
Butembo,2026-06-10,9,23
Oicha,2026-06-10,2,17
Kalunguta,2026-06-10,1,17
Kyondo,2026-06-10,2,16
Goma,2026-06-10,1,23
Masereka,2026-06-10,1,0
Vuhovi,2026-06-10,1,0
Miti Murhesa,2026-06-10,3,20
,2026-06-10,94,0
Bunia,2026-06-11,191,24
Rwampara,2026-06-11,142,27
Mongbwalu,2026-06-11,136,24
Nyankunde,2026-06-11,33,24
Bambu,2026-06-11,7,22
Aru,2026-06-11,3,20
Kilo,2026-06-11,4,21
Nizi,2026-06-11,9,21
Mangala,2026-06-11,2,14
Damas,2026-06-11,3,14
Aungba,2026-06-11,2,14
Gety,2026-06-11,1,14
Komanda,2026-06-11,3,14
Lita,2026-06-11,6,14
Logo,2026-06-11,2,10
Mambasa,2026-06-11,2,10
Rimba,2026-06-11,3,9
Tchomia,2026-06-11,2,2
Kambala,2026-06-11,1,1
Katwa,2026-06-11,16,24
Beni,2026-06-11,9,14
Butembo,2026-06-11,7,24
Oicha,2026-06-11,2,18
Kalunguta,2026-06-11,1,18
Kyondo,2026-06-11,2,17
Goma,2026-06-11,1,24
Masereka,2026-06-11,1,1
Vuhovi,2026-06-11,1,1
Miti Murhesa,2026-06-11,3,21
,2026-06-11,94,0
Bunia,2026-06-13,212,26
Rwampara,2026-06-13,149,29
Mongbwalu,2026-06-13,164,26
Nyankunde,2026-06-13,38,26
Bambu,2026-06-13,7,24
Aru,2026-06-13,3,22
Kilo,2026-06-13,4,23
Nizi,2026-06-13,11,23
Mangala,2026-06-13,5,16
Damas,2026-06-13,4,16
Aungba,2026-06-13,2,16
Gety,2026-06-13,1,16
Komanda,2026-06-13,6,16
Lita,2026-06-13,6,16
Logo,2026-06-13,2,12
Mambasa,2026-06-13,2,12
Rimba,2026-06-13,3,11
Tchomia,2026-06-13,2,4
Kambala,2026-06-13,1,3
Nia Nia,2026-06-13,1,0
Katwa,2026-06-13,21,26
Beni,2026-06-13,14,16
Butembo,2026-06-13,18,26
Oicha,2026-06-13,2,20
Kalunguta,2026-06-13,1,20
Kyondo,2026-06-13,2,19
Goma,2026-06-13,1,26
Masereka,2026-06-13,1,3
Vuhovi,2026-06-13,1,3
Mabalako,2026-06-13,1,0
Miti Murhesa,2026-06-13,3,23
,2026-06-13,94,0
Bunia,2026-06-14,215,27
Rwampara,2026-06-14,152,30
Mongbwalu,2026-06-14,175,27
Nyankunde,2026-06-14,42,27
Bambu,2026-06-14,7,25
Aru,2026-06-14,3,23
Kilo,2026-06-14,4,24
Nizi,2026-06-14,11,24
Mangala,2026-06-14,5,17
Damas,2026-06-14,4,17
Aungba,2026-06-14,2,17
Gety,2026-06-14,1,17
Komanda,2026-06-14,6,17
Lita,2026-06-14,6,17
Logo,2026-06-14,2,13
Mambasa,2026-06-14,2,13
Rimba,2026-06-14,3,12
Tchomia,2026-06-14,2,5
Kambala,2026-06-14,1,4
Nia Nia,2026-06-14,1,1
Katwa,2026-06-14,25,27
Beni,2026-06-14,14,17
Butembo,2026-06-14,19,27
Oicha,2026-06-14,2,21
Kalunguta,2026-06-14,1,21
Kyondo,2026-06-14,2,20
Goma,2026-06-14,1,27
Masereka,2026-06-14,1,4
Vuhovi,2026-06-14,1,4
Mabalako,2026-06-14,1,1
Miti Murhesa,2026-06-14,3,24
,2026-06-14,94,0
Bunia,2026-06-15,215,28
Rwampara,2026-06-15,192,31
Mongbwalu,2026-06-15,185,28
Nyankunde,2026-06-15,45,28
Bambu,2026-06-15,7,26
Aru,2026-06-15,3,24
Kilo,2026-06-15,4,25
Nizi,2026-06-15,16,25
Mangala,2026-06-15,5,18
Damas,2026-06-15,4,18
Aungba,2026-06-15,2,18
Gety,2026-06-15,1,18
Komanda,2026-06-15,7,18
Lita,2026-06-15,9,18
Logo,2026-06-15,2,14
Mambasa,2026-06-15,2,14
Rimba,2026-06-15,3,13
Tchomia,2026-06-15,2,6
Kambala,2026-06-15,1,5
Nia Nia,2026-06-15,1,2
Katwa,2026-06-15,25,28
Beni,2026-06-15,14,18
Butembo,2026-06-15,19,28
Oicha,2026-06-15,2,22
Kalunguta,2026-06-15,1,22
Kyondo,2026-06-15,2,21
Goma,2026-06-15,1,28
Masereka,2026-06-15,1,5
Vuhovi,2026-06-15,1,5
Mabalako,2026-06-15,1,2
Miti Murhesa,2026-06-15,3,25
,2026-06-15,94,0
Bunia,2026-06-16,226,29
Rwampara,2026-06-16,172,32
Mongbwalu,2026-06-16,189,29
Nyankunde,2026-06-16,45,29
Bambu,2026-06-16,7,27
Nizi,2026-06-16,16,26
Komanda,2026-06-16,7,19
Lita,2026-06-16,9,19
Mangala,2026-06-16,5,19
Tchomia,2026-06-16,5,7
Kilo,2026-06-16,4,26
Damas,2026-06-16,4,19
Rimba,2026-06-16,3,14
Aru,2026-06-16,3,25
Aungba,2026-06-16,2,19
Mambasa,2026-06-16,2,15
Logo,2026-06-16,2,15
Fataki,2026-06-16,1,0
Gety,2026-06-16,1,19
Kambala,2026-06-16,1,6
Nia Nia,2026-06-16,1,3
Katwa,2026-06-16,23,29
Butembo,2026-06-16,24,29
Beni,2026-06-16,14,19
Oicha,2026-06-16,3,23
Kyondo,2026-06-16,2,22
Kalunguta,2026-06-16,2,23
Goma,2026-06-16,1,29
Masereka,2026-06-16,1,6
Vuhovi,2026-06-16,1,6
Mabalako,2026-06-16,1,3
Musienene,2026-06-16,1,0
Miti Murhesa,2026-06-16,3,26
Bunia,2026-06-17,247,30
Rwampara,2026-06-17,195,33
Mongbwalu,2026-06-17,189,30
Nyankunde,2026-06-17,68,30
Nizi,2026-06-17,25,27
Lita,2026-06-17,18,20
Komanda,2026-06-17,10,20
Bambu,2026-06-17,9,28
Kilo,2026-06-17,7,27
Mangala,2026-06-17,5,20
Tchomia,2026-06-17,5,8
Damas,2026-06-17,4,20
Aungba,2026-06-17,4,20
Rimba,2026-06-17,3,15
Aru,2026-06-17,3,26
Mambasa,2026-06-17,2,16
Logo,2026-06-17,2,16
Drodro,2026-06-17,1,0
Gety,2026-06-17,1,20
Kambala,2026-06-17,1,7
Nia Nia,2026-06-17,1,4
Fataki,2026-06-17,1,1
,2026-06-17,17,0
Butembo,2026-06-17,25,30
Katwa,2026-06-17,24,30
Beni,2026-06-17,15,20
Oicha,2026-06-17,3,24
Kalunguta,2026-06-17,2,24
Kyondo,2026-06-17,2,23
Goma,2026-06-17,1,30
Masereka,2026-06-17,1,7
Vuhovi,2026-06-17,1,7
Mabalako,2026-06-17,1,4
Musienene,2026-06-17,1,1
Miti Murhesa,2026-06-17,3,27
Bunia,2026-06-18,253,31
Rwampara,2026-06-18,199,34
Mongbwalu,2026-06-18,198,31
Nyankunde,2026-06-18,77,31
Nizi,2026-06-18,26,28
Lita,2026-06-18,20,21
Komanda,2026-06-18,10,21
Bambu,2026-06-18,9,29
Kilo,2026-06-18,7,28
Mangala,2026-06-18,7,21
Tchomia,2026-06-18,5,9
Damas,2026-06-18,4,21
Aungba,2026-06-18,6,21
Rimba,2026-06-18,3,16
Aru,2026-06-18,3,27
Mambasa,2026-06-18,2,17
Logo,2026-06-18,2,17
Drodro,2026-06-18,1,1
Gety,2026-06-18,1,21
Kambala,2026-06-18,1,8
Nia Nia,2026-06-18,1,5
Fataki,2026-06-18,1,2
Butembo,2026-06-18,25,31
Katwa,2026-06-18,24,31
Beni,2026-06-18,16,21
Oicha,2026-06-18,3,25
Kalunguta,2026-06-18,2,25
Kyondo,2026-06-18,2,24
Goma,2026-06-18,1,31
Masereka,2026-06-18,1,8
Vuhovi,2026-06-18,1,8
Mabalako,2026-06-18,1,5
Musienene,2026-06-18,1,2
Miti Murhesa,2026-06-18,3,28
,2026-06-18,0,0
Bunia,2026-06-19,259,32
Rwampara,2026-06-19,201,35
Mongbwalu,2026-06-19,209,32
Nyankunde,2026-06-19,79,32
Nizi,2026-06-19,26,29
Lita,2026-06-19,20,22
Komanda,2026-06-19,10,22
Bambu,2026-06-19,9,30
Kilo,2026-06-19,7,29
Mangala,2026-06-19,7,22
Tchomia,2026-06-19,5,10
Damas,2026-06-19,4,22
Aungba,2026-06-19,6,22
Rimba,2026-06-19,3,17
Aru,2026-06-19,3,28
Mambasa,2026-06-19,2,18
Logo,2026-06-19,2,18
Drodro,2026-06-19,1,2
Gety,2026-06-19,1,22
Kambala,2026-06-19,1,9
Nia Nia,2026-06-19,1,6
Fataki,2026-06-19,1,3
Butembo,2026-06-19,25,32
Katwa,2026-06-19,26,32
Beni,2026-06-19,16,22
Oicha,2026-06-19,3,26
Kalunguta,2026-06-19,2,26
Kyondo,2026-06-19,2,25
Goma,2026-06-19,1,32
Masereka,2026-06-19,1,9
Vuhovi,2026-06-19,1,9
Mabalako,2026-06-19,1,6
Musienene,2026-06-19,1,3
Miti Murhesa,2026-06-19,3,29
,2026-06-19,17,0
Bunia,2026-06-20,275,33
Rwampara,2026-06-20,211,36
Mongbwalu,2026-06-20,220,33
Nyankunde,2026-06-20,79,33
Nizi,2026-06-20,26,30
Lita,2026-06-20,20,23
Komanda,2026-06-20,10,23
Bambu,2026-06-20,14,31
Kilo,2026-06-20,7,30
Mangala,2026-06-20,7,23
Tchomia,2026-06-20,5,11
Damas,2026-06-20,4,23
Aungba,2026-06-20,6,23
Rimba,2026-06-20,3,18
Aru,2026-06-20,3,29
Mambasa,2026-06-20,2,19
Logo,2026-06-20,2,19
Drodro,2026-06-20,1,3
Gety,2026-06-20,1,23
Kambala,2026-06-20,1,10
Nia Nia,2026-06-20,1,7
Fataki,2026-06-20,1,4
Butembo,2026-06-20,27,33
Katwa,2026-06-20,28,33
Beni,2026-06-20,17,23
Oicha,2026-06-20,3,27
Kalunguta,2026-06-20,2,27
Kyondo,2026-06-20,2,26
Goma,2026-06-20,1,33
Masereka,2026-06-20,1,10
Vuhovi,2026-06-20,1,10
Mabalako,2026-06-20,1,7
Musienene,2026-06-20,1,4
Miti Murhesa,2026-06-20,3,30
,2026-06-20,17,0
Bunia,2026-06-21,285,34
Rwampara,2026-06-21,215,37
Mongbwalu,2026-06-21,229,34
Nyankunde,2026-06-21,86,34
Nizi,2026-06-21,26,31
Lita,2026-06-21,21,24
Komanda,2026-06-21,10,24
Bambu,2026-06-21,14,32
Kilo,2026-06-21,7,31
Mangala,2026-06-21,11,24
Tchomia,2026-06-21,7,12
Damas,2026-06-21,4,24
Aungba,2026-06-21,6,24
Rimba,2026-06-21,3,19
Aru,2026-06-21,3,30
Mambasa,2026-06-21,2,20
Logo,2026-06-21,2,20
Drodro,2026-06-21,1,4
Gety,2026-06-21,1,24
Kambala,2026-06-21,1,11
Nia Nia,2026-06-21,2,8
Fataki,2026-06-21,1,5
Butembo,2026-06-21,28,34
Katwa,2026-06-21,31,34
Beni,2026-06-21,18,24
Oicha,2026-06-21,3,28
Kalunguta,2026-06-21,2,28
Kyondo,2026-06-21,3,27
Goma,2026-06-21,1,34
Masereka,2026-06-21,1,11
Vuhovi,2026-06-21,1,11
Mabalako,2026-06-21,1,8
Musienene,2026-06-21,2,5
Miti Murhesa,2026-06-21,3,31
,2026-06-21,17,0
Bunia,2026-06-22,296,35
Rwampara,2026-06-22,225,38
Mongbwalu,2026-06-22,237,35
Nyankunde,2026-06-22,86,35
Nizi,2026-06-22,30,32
Lita,2026-06-22,24,25
Komanda,2026-06-22,10,25
Bambu,2026-06-22,14,33
Kilo,2026-06-22,7,32
Mangala,2026-06-22,14,25
Tchomia,2026-06-22,8,13
Damas,2026-06-22,4,25
Aungba,2026-06-22,6,25
Rimba,2026-06-22,3,20
Aru,2026-06-22,3,31
Mambasa,2026-06-22,2,21
Logo,2026-06-22,5,21
Drodro,2026-06-22,1,5
Gety,2026-06-22,1,25
Kambala,2026-06-22,1,12
Nia Nia,2026-06-22,2,9
Fataki,2026-06-22,1,6
Butembo,2026-06-22,28,35
Katwa,2026-06-22,32,35
Beni,2026-06-22,20,25
Oicha,2026-06-22,3,29
Kalunguta,2026-06-22,2,29
Kyondo,2026-06-22,3,28
Goma,2026-06-22,1,35
Masereka,2026-06-22,1,12
Vuhovi,2026-06-22,1,12
Mabalako,2026-06-22,1,9
Musienene,2026-06-22,2,6
Miti Murhesa,2026-06-22,3,32
,2026-06-22,17,0
Bunia,2026-06-23,304,36
Rwampara,2026-06-23,225,39
Mongbwalu,2026-06-23,241,36
Nyankunde,2026-06-23,86,36
Nizi,2026-06-23,30,33
Lita,2026-06-23,26,26
Komanda,2026-06-23,13,26
Bambu,2026-06-23,14,34
Kilo,2026-06-23,7,33
Mangala,2026-06-23,17,26
Tchomia,2026-06-23,8,14
Damas,2026-06-23,4,26
Aungba,2026-06-23,6,26
Rimba,2026-06-23,3,21
Aru,2026-06-23,3,32
Mambasa,2026-06-23,2,22
Logo,2026-06-23,5,22
Drodro,2026-06-23,1,6
Gety,2026-06-23,1,26
Kambala,2026-06-23,1,13
Nia Nia,2026-06-23,5,10
Fataki,2026-06-23,1,7
Butembo,2026-06-23,29,36
Katwa,2026-06-23,32,36
Beni,2026-06-23,20,26
Oicha,2026-06-23,3,30
Kalunguta,2026-06-23,2,30
Kyondo,2026-06-23,3,29
Goma,2026-06-23,1,36
Masereka,2026-06-23,1,13
Vuhovi,2026-06-23,1,13
Mabalako,2026-06-23,1,10
Musienene,2026-06-23,2,7
,2026-06-23,17,0
Bunia,2026-06-24,314,37
Rwampara,2026-06-24,237,40
Mongbwalu,2026-06-24,245,37
Nyankunde,2026-06-24,91,37
Nizi,2026-06-24,30,34
Lita,2026-06-24,26,27
Komanda,2026-06-24,13,27
Bambu,2026-06-24,14,35
Kilo,2026-06-24,9,34
Mangala,2026-06-24,17,27
Tchomia,2026-06-24,9,15
Damas,2026-06-24,4,27
Aungba,2026-06-24,6,27
Rimba,2026-06-24,3,22
Aru,2026-06-24,3,33
Mambasa,2026-06-24,2,23
Logo,2026-06-24,5,23
Drodro,2026-06-24,1,7
Gety,2026-06-24,1,27
Kambala,2026-06-24,1,14
Nia Nia,2026-06-24,5,11
Fataki,2026-06-24,1,8
Butembo,2026-06-24,31,37
Katwa,2026-06-24,33,37
Beni,2026-06-24,20,27
Oicha,2026-06-24,3,31
Kalunguta,2026-06-24,2,31
Kyondo,2026-06-24,3,30
Goma,2026-06-24,1,37
Masereka,2026-06-24,1,14
Vuhovi,2026-06-24,1,14
Mabalako,2026-06-24,1,11
Musienene,2026-06-24,2,8
Miti Murhesa,2026-06-24,3,34
,2026-06-24,17,0
Bunia,2026-06-25,323,38
Rwampara,2026-06-25,258,41
Mongbwalu,2026-06-25,250,38
Nyankunde,2026-06-25,93,38
Nizi,2026-06-25,32,35
Lita,2026-06-25,26,28
Komanda,2026-06-25,13,28
Bambu,2026-06-25,14,36
Kilo,2026-06-25,9,35
Mangala,2026-06-25,17,28
Tchomia,2026-06-25,10,16
Damas,2026-06-25,4,28
Aungba,2026-06-25,6,28
Rimba,2026-06-25,3,23
Aru,2026-06-25,3,34
Mambasa,2026-06-25,2,24
Logo,2026-06-25,7,24
Drodro,2026-06-25,1,8
Gety,2026-06-25,1,28
Kambala,2026-06-25,1,15
Nia Nia,2026-06-25,5,12
Fataki,2026-06-25,1,9
Butembo,2026-06-25,33,38
Katwa,2026-06-25,35,38
Beni,2026-06-25,22,28
Oicha,2026-06-25,3,32
Kalunguta,2026-06-25,2,32
Kyondo,2026-06-25,3,31
Goma,2026-06-25,1,38
Masereka,2026-06-25,1,15
Vuhovi,2026-06-25,1,15
Mabalako,2026-06-25,1,12
Musienene,2026-06-25,2,9
Miti Murhesa,2026-06-25,3,35
,2026-06-25,17,0
Bunia,2026-06-29,358,42
Rwampara,2026-06-29,295,45
Mongbwalu,2026-06-29,258,42
Nyankunde,2026-06-29,94,42
Nizi,2026-06-29,41,39
Lita,2026-06-29,29,32
Komanda,2026-06-29,16,32
Bambu,2026-06-29,16,40
Kilo,2026-06-29,9,39
Mangala,2026-06-29,24,32
Tchomia,2026-06-29,13,20
Damas,2026-06-29,5,32
Aungba,2026-06-29,6,32
Rimba,2026-06-29,3,27
Aru,2026-06-29,3,38
Mambasa,2026-06-29,2,28
Logo,2026-06-29,7,28
Drodro,2026-06-29,3,12
Gety,2026-06-29,1,32
Kambala,2026-06-29,1,19
Nia Nia,2026-06-29,11,16
Fataki,2026-06-29,1,13
Mandima,2026-06-29,1,0
Butembo,2026-06-29,34,42
Katwa,2026-06-29,45,42
Beni,2026-06-29,22,32
Oicha,2026-06-29,3,36
Kalunguta,2026-06-29,2,36
Kyondo,2026-06-29,3,35
Goma,2026-06-29,1,42
Masereka,2026-06-29,1,19
Vuhovi,2026-06-29,1,19
Mabalako,2026-06-29,1,16
Musienene,2026-06-29,3,13
Miti Murhesa,2026-06-29,3,39
,2026-06-29,17,0
Bunia,2026-06-30,387,43
Rwampara,2026-06-30,301,46
Mongbwalu,2026-06-30,264,43
Nyankunde,2026-06-30,95,43
Nizi,2026-06-30,61,40
Lita,2026-06-30,29,33
Komanda,2026-06-30,18,33
Bambu,2026-06-30,16,41
Kilo,2026-06-30,9,40
Mangala,2026-06-30,24,33
Tchomia,2026-06-30,14,21
Damas,2026-06-30,5,33
Aungba,2026-06-30,6,33
Rimba,2026-06-30,3,28
Aru,2026-06-30,3,39
Mambasa,2026-06-30,2,29
Logo,2026-06-30,7,29
Drodro,2026-06-30,3,13
Gety,2026-06-30,1,33
Kambala,2026-06-30,2,20
Nia Nia,2026-06-30,12,17
Fataki,2026-06-30,1,14
Mandima,2026-06-30,2,1
Lolwa,2026-06-30,1,0
Butembo,2026-06-30,34,43
Katwa,2026-06-30,47,43
Beni,2026-06-30,24,33
Oicha,2026-06-30,3,37
Kalunguta,2026-06-30,2,37
Kyondo,2026-06-30,3,36
Goma,2026-06-30,1,43
Masereka,2026-06-30,1,20
Vuhovi,2026-06-30,1,20
Mabalako,2026-06-30,1,17
Musienene,2026-06-30,3,14
Miti Murhesa,2026-06-30,3,40
,2026-06-30,17,0
Bunia,2026-07-01,416,44
Rwampara,2026-07-01,308,47
Mongbwalu,2026-07-01,270,44
Nyankunde,2026-07-01,95,44
Nizi,2026-07-01,65,41
Lita,2026-07-01,32,34
Komanda,2026-07-01,19,34
Bambu,2026-07-01,16,42
Kilo,2026-07-01,9,41
Mangala,2026-07-01,24,34
Tchomia,2026-07-01,14,22
Damas,2026-07-01,5,34
Aungba,2026-07-01,6,34
Rimba,2026-07-01,3,29
Aru,2026-07-01,3,40
Mambasa,2026-07-01,2,30
Logo,2026-07-01,7,30
Drodro,2026-07-01,3,14
Gety,2026-07-01,1,34
Kambala,2026-07-01,2,21
Nia Nia,2026-07-01,12,18
Fataki,2026-07-01,1,15
Mandima,2026-07-01,2,2
Lolwa,2026-07-01,1,1
Butembo,2026-07-01,34,44
Katwa,2026-07-01,49,44
Beni,2026-07-01,26,34
Oicha,2026-07-01,3,38
Kalunguta,2026-07-01,2,38
Kyondo,2026-07-01,3,37
Goma,2026-07-01,1,44
Masereka,2026-07-01,1,21
Vuhovi,2026-07-01,1,21
Mabalako,2026-07-01,1,18
Musienene,2026-07-01,3,15
Miti Murhesa,2026-07-01,3,41
,2026-07-01,17,0
Bunia,2026-07-02,426,45
Rwampara,2026-07-02,322,48
Mongbwalu,2026-07-02,273,45
Nyankunde,2026-07-02,95,45
Nizi,2026-07-02,65,42
Lita,2026-07-02,33,35
Komanda,2026-07-02,19,35
Bambu,2026-07-02,18,43
Kilo,2026-07-02,9,42
Mangala,2026-07-02,24,35
Tchomia,2026-07-02,15,23
Damas,2026-07-02,5,35
Aungba,2026-07-02,6,35
Rimba,2026-07-02,3,30
Aru,2026-07-02,3,41
Mambasa,2026-07-02,2,31
Logo,2026-07-02,7,31
Drodro,2026-07-02,3,15
Gety,2026-07-02,1,35
Kambala,2026-07-02,2,22
Nia Nia,2026-07-02,12,19
Fataki,2026-07-02,1,16
Mandima,2026-07-02,4,3
Lolwa,2026-07-02,1,2
Butembo,2026-07-02,38,45
Katwa,2026-07-02,51,45
Beni,2026-07-02,28,35
Oicha,2026-07-02,3,39
Kalunguta,2026-07-02,2,39
Kyondo,2026-07-02,3,38
Goma,2026-07-02,2,45
Masereka,2026-07-02,1,22
Vuhovi,2026-07-02,1,22
Mabalako,2026-07-02,1,19
Musienene,2026-07-02,3,16
Miti Murhesa,2026-07-02,3,42
,2026-07-02,17,0
Bunia,2026-07-03,431,46
Rwampara,2026-07-03,333,49
Mongbwalu,2026-07-03,276,46
Nyankunde,2026-07-03,95,46
Nizi,2026-07-03,65,43
Lita,2026-07-03,33,36
Komanda,2026-07-03,19,36
Bambu,2026-07-03,18,44
Kilo,2026-07-03,9,43
Mangala,2026-07-03,26,36
Tchomia,2026-07-03,15,24
Damas,2026-07-03,5,36
Aungba,2026-07-03,6,36
Rimba,2026-07-03,3,31
Aru,2026-07-03,3,42
Mambasa,2026-07-03,2,32
Logo,2026-07-03,7,32
Drodro,2026-07-03,3,16
Gety,2026-07-03,1,36
Kambala,2026-07-03,2,23
Nia Nia,2026-07-03,12,20
Fataki,2026-07-03,1,17
Mandima,2026-07-03,4,4
Lolwa,2026-07-03,1,3
Butembo,2026-07-03,40,46
Katwa,2026-07-03,51,46
Beni,2026-07-03,29,36
Oicha,2026-07-03,3,40
Kalunguta,2026-07-03,2,40
Kyondo,2026-07-03,4,39
Goma,2026-07-03,1,46
Masereka,2026-07-03,2,23
Vuhovi,2026-07-03,1,23
Mabalako,2026-07-03,1,20
Musienene,2026-07-03,4,17
Miti Murhesa,2026-07-03,3,43
,2026-07-03,17,0
Bunia,2026-07-04,438,47
Rwampara,2026-07-04,344,50
Mongbwalu,2026-07-04,278,47
Nyankunde,2026-07-04,95,47
Nizi,2026-07-04,72,44
Lita,2026-07-04,33,37
Komanda,2026-07-04,22,37
Bambu,2026-07-04,18,45
Kilo,2026-07-04,9,44
Mangala,2026-07-04,26,37
Tchomia,2026-07-04,15,25
Damas,2026-07-04,5,37
Aungba,2026-07-04,6,37
Rimba,2026-07-04,3,32
Aru,2026-07-04,3,43
Mambasa,2026-07-04,2,33
Logo,2026-07-04,7,33
Drodro,2026-07-04,3,17
Gety,2026-07-04,1,37
Kambala,2026-07-04,2,24
Nia Nia,2026-07-04,12,21
Fataki,2026-07-04,1,18
Mandima,2026-07-04,4,5
Lolwa,2026-07-04,1,4
Butembo,2026-07-04,40,47
Katwa,2026-07-04,52,47
Beni,2026-07-04,29,37
Oicha,2026-07-04,3,41
Kalunguta,2026-07-04,2,41
Kyondo,2026-07-04,4,40
Goma,2026-07-04,1,47
Masereka,2026-07-04,2,24
Vuhovi,2026-07-04,1,24
Mabalako,2026-07-04,1,21
Musienene,2026-07-04,6,18
Miti Murhesa,2026-07-04,3,44
,2026-07-04,17,0
Bunia,2026-07-05,452,48
Rwampara,2026-07-05,349,51
Mongbwalu,2026-07-05,288,48
Nyankunde,2026-07-05,96,48
Nizi,2026-07-05,78,45
Lita,2026-07-05,33,38
Komanda,2026-07-05,22,38
Bambu,2026-07-05,25,46
Kilo,2026-07-05,9,45
Mangala,2026-07-05,33,38
Tchomia,2026-07-05,15,26
Damas,2026-07-05,5,38
Aungba,2026-07-05,6,38
Rimba,2026-07-05,4,33
Aru,2026-07-05,3,44
Mambasa,2026-07-05,2,34
Logo,2026-07-05,7,34
Drodro,2026-07-05,3,18
Gety,2026-07-05,1,38
Kambala,2026-07-05,2,25
Nia Nia,2026-07-05,20,22
Fataki,2026-07-05,2,19
Mandima,2026-07-05,4,6
Lolwa,2026-07-05,1,5
Butembo,2026-07-05,40,48
Katwa,2026-07-05,52,48
Beni,2026-07-05,29,38
Oicha,2026-07-05,3,42
Kalunguta,2026-07-05,2,42
Kyondo,2026-07-05,4,41
Goma,2026-07-05,1,48
Masereka,2026-07-05,3,25
Vuhovi,2026-07-05,1,25
Mabalako,2026-07-05,1,22
Musienene,2026-07-05,8,19
Miti Murhesa,2026-07-05,3,45
,2026-07-05,17,0
Bunia,2026-07-06,472,49
Rwampara,2026-07-06,357,52
Mongbwalu,2026-07-06,298,49
Nyankunde,2026-07-06,96,49
Nizi,2026-07-06,84,46
Lita,2026-07-06,40,39
Komanda,2026-07-06,23,39
Bambu,2026-07-06,28,47
Kilo,2026-07-06,9,46
Mangala,2026-07-06,39,39
Tchomia,2026-07-06,15,27
Damas,2026-07-06,5,39
Aungba,2026-07-06,6,39
Rimba,2026-07-06,4,34
Aru,2026-07-06,3,45
Mambasa,2026-07-06,4,35
Logo,2026-07-06,7,35
Drodro,2026-07-06,3,19
Gety,2026-07-06,1,39
Kambala,2026-07-06,2,26
Nia Nia,2026-07-06,33,23
Fataki,2026-07-06,3,20
Mandima,2026-07-06,5,7
Lolwa,2026-07-06,1,6
Boga,2026-07-06,1,0
Butembo,2026-07-06,41,49
Katwa,2026-07-06,56,49
Beni,2026-07-06,29,39
Oicha,2026-07-06,3,43
Kalunguta,2026-07-06,2,43
Kyondo,2026-07-06,4,42
Goma,2026-07-06,1,49
Masereka,2026-07-06,3,26
Vuhovi,2026-07-06,1,26
Mabalako,2026-07-06,1,23
Musienene,2026-07-06,8,20
Miti Murhesa,2026-07-06,3,46
,2026-07-06,17,0
Bunia,2026-07-07,483,50
Rwampara,2026-07-07,364,53
Mongbwalu,2026-07-07,310,50
Nyankunde,2026-07-07,97,50
Nizi,2026-07-07,94,47
Lita,2026-07-07,40,40
Komanda,2026-07-07,23,40
Bambu,2026-07-07,28,48
Kilo,2026-07-07,9,47
Mangala,2026-07-07,40,40
Tchomia,2026-07-07,15,28
Damas,2026-07-07,5,40
Aungba,2026-07-07,6,40
Rimba,2026-07-07,4,35
Aru,2026-07-07,3,46
Mambasa,2026-07-07,4,36
Logo,2026-07-07,7,36
Drodro,2026-07-07,3,20
Gety,2026-07-07,1,40
Kambala,2026-07-07,2,27
Nia Nia,2026-07-07,35,24
Fataki,2026-07-07,4,21
Mandima,2026-07-07,5,8
Lolwa,2026-07-07,1,7
Boga,2026-07-07,1,1
Butembo,2026-07-07,42,50
Katwa,2026-07-07,61,50
Beni,2026-07-07,29,40
Oicha,2026-07-07,3,44
Kalunguta,2026-07-07,2,44
Kyondo,2026-07-07,4,43
Goma,2026-07-07,1,50
Masereka,2026-07-07,3,27
Vuhovi,2026-07-07,1,27
Mabalako,2026-07-07,1,24
Musienene,2026-07-07,8,21
Miti Murhesa,2026-07-07,3,47
,2026-07-07,17,0
Bunia,2026-07-08,487,51
Rwampara,2026-07-08,370,54
Mongbwalu,2026-07-08,315,51
Nyankunde,2026-07-08,97,51
Nizi,2026-07-08,104,48
Lita,2026-07-08,41,41
Komanda,2026-07-08,23,41
Bambu,2026-07-08,29,49
Kilo,2026-07-08,9,48
Mangala,2026-07-08,43,41
Tchomia,2026-07-08,15,29
Damas,2026-07-08,5,41
Aungba,2026-07-08,6,41
Rimba,2026-07-08,4,36
Aru,2026-07-08,3,47
Mambasa,2026-07-08,4,37
Logo,2026-07-08,7,37
Drodro,2026-07-08,3,21
Gety,2026-07-08,1,41
Kambala,2026-07-08,2,28
Nia Nia,2026-07-08,35,25
Fataki,2026-07-08,4,22
Mandima,2026-07-08,5,9
Lolwa,2026-07-08,1,8
Boga,2026-07-08,1,2
Butembo,2026-07-08,42,51
Katwa,2026-07-08,61,51
Beni,2026-07-08,29,41
Oicha,2026-07-08,3,45
Kalunguta,2026-07-08,2,45
Kyondo,2026-07-08,4,44
Goma,2026-07-08,1,51
Masereka,2026-07-08,3,28
Vuhovi,2026-07-08,1,28
Mabalako,2026-07-08,1,25
Musienene,2026-07-08,8,22
Miti Murhesa,2026-07-08,3,48
,2026-07-08,17,0
Bunia,2026-07-09,495,52
Rwampara,2026-07-09,373,55
Mongbwalu,2026-07-09,327,52
Nyankunde,2026-07-09,97,52
Nizi,2026-07-09,107,49
Lita,2026-07-09,42,42
Komanda,2026-07-09,25,42
Bambu,2026-07-09,29,50
Kilo,2026-07-09,9,49
Mangala,2026-07-09,43,42
Tchomia,2026-07-09,17,30
Damas,2026-07-09,5,42
Aungba,2026-07-09,6,42
Rimba,2026-07-09,4,37
Aru,2026-07-09,3,48
Mambasa,2026-07-09,5,38
Logo,2026-07-09,7,38
Drodro,2026-07-09,3,22
Gety,2026-07-09,1,42
Kambala,2026-07-09,2,29
Nia Nia,2026-07-09,35,26
Fataki,2026-07-09,4,23
Mandima,2026-07-09,5,10
Lolwa,2026-07-09,1,9
Boga,2026-07-09,1,3
Butembo,2026-07-09,43,52
Katwa,2026-07-09,66,52
Beni,2026-07-09,30,42
Oicha,2026-07-09,3,46
Kalunguta,2026-07-09,2,46
Kyondo,2026-07-09,5,45
Goma,2026-07-09,1,52
Masereka,2026-07-09,3,29
Vuhovi,2026-07-09,1,29
Mabalako,2026-07-09,1,26
Musienene,2026-07-09,9,23
Miti Murhesa,2026-07-09,3,49
,2026-07-09,17,0
Bunia,2026-07-10,503,53
Rwampara,2026-07-10,384,56
Mongbwalu,2026-07-10,329,53
Nyankunde,2026-07-10,97,53
Nizi,2026-07-10,110,50
Lita,2026-07-10,45,43
Komanda,2026-07-10,25,43
Bambu,2026-07-10,31,51
Kilo,2026-07-10,9,50
Mangala,2026-07-10,50,43
Tchomia,2026-07-10,19,31
Damas,2026-07-10,5,43
Aungba,2026-07-10,6,43
Rimba,2026-07-10,4,38
Aru,2026-07-10,3,49
Mambasa,2026-07-10,5,39
Logo,2026-07-10,7,39
Drodro,2026-07-10,4,23
Gety,2026-07-10,1,43
Kambala,2026-07-10,2,30
Nia Nia,2026-07-10,35,27
Fataki,2026-07-10,4,24
Mandima,2026-07-10,8,11
Lolwa,2026-07-10,1,10
Boga,2026-07-10,1,4
Butembo,2026-07-10,43,53
Katwa,2026-07-10,67,53
Beni,2026-07-10,30,43
Oicha,2026-07-10,3,47
Kalunguta,2026-07-10,2,47
Kyondo,2026-07-10,5,46
Goma,2026-07-10,1,53
Masereka,2026-07-10,3,30
Vuhovi,2026-07-10,1,30
Mabalako,2026-07-10,1,27
Musienene,2026-07-10,9,24
Miti Murhesa,2026-07-10,3,50
Wamba,2026-07-10,1,0
Makiso Kisangani,2026-07-10,2,0
Mangobo,2026-07-10,1,0
Lubunga (Tshopo),2026-07-10,1,0
,2026-07-10,17,0
Bunia,2026-07-11,507,54
Rwampara,2026-07-11,393,57
Mongbwalu,2026-07-11,336,54
Nyankunde,2026-07-11,99,54
Nizi,2026-07-11,121,51
Lita,2026-07-11,48,44
Komanda,2026-07-11,27,44
Bambu,2026-07-11,31,52
Kilo,2026-07-11,9,51
Mangala,2026-07-11,50,44
Tchomia,2026-07-11,19,32
Damas,2026-07-11,5,44
Aungba,2026-07-11,6,44
Rumba,2026-07-11,4,0
Aru,2026-07-11,3,50
Mambasa,2026-07-11,5,40
Logo,2026-07-11,7,40
Drodro,2026-07-11,4,24
Gety,2026-07-11,1,44
Kambala,2026-07-11,2,31
Nia-Nia,2026-07-11,36,0
Fataki,2026-07-11,4,25
Mandima,2026-07-11,8,12
Lolwa,2026-07-11,1,11
Boga,2026-07-11,1,5
Ariwara,2026-07-11,1,0
Butembo,2026-07-11,44,54
Katwa,2026-07-11,71,54
Beni,2026-07-11,30,44
Oicha,2026-07-11,3,48
Kalunguta,2026-07-11,2,48
Kyondo,2026-07-11,7,47
Goma,2026-07-11,1,54
Masereka,2026-07-11,3,31
Vuhovi,2026-07-11,1,31
Mabalako,2026-07-11,1,28
Musienene,2026-07-11,10,25
Miti-Murhesa,2026-07-11,3,0
Wamba,2026-07-11,1,1
Makiso Kisangani,2026-07-11,2,1
Mangobo,2026-07-11,1,1
Lubunga (Tshopo),2026-07-11,1,1
,2026-07-11,17,0
